{"cameraMode":{"drawMode":0,"name":"Shaded","section":"Shading Mode"},"sceneLighting":false,"audioPlay":false,"sceneViewState":{"showFog":true,"showMaterialUpdate":false,"showSkybox":false,"showFlares":true,"showImageEffects":true,"showParticleSystems":true},"in2DMode":false,"pivot":{"x":0.0018548965454101563,"y":1.999999761581421,"z":-0.7632974982261658},"rotation":{"x":0.08341749757528305,"y":-0.8730480670928955,"z":0.45285624265670779,"w":0.16071894764900208},"size":3.0054209232330324,"orthographic":false}