{"cameraMode":{"drawMode":0,"name":"Shaded","section":"Shading Mode"},"sceneLighting":true,"audioPlay":false,"sceneViewState":{"showFog":true,"showMaterialUpdate":false,"showSkybox":true,"showFlares":true,"showImageEffects":true,"showParticleSystems":true},"in2DMode":false,"pivot":{"x":-68.98030853271485,"y":-32.41277313232422,"z":-101.18409729003906},"rotation":{"x":0.002064249711111188,"y":-0.9643038511276245,"z":0.2646981179714203,"w":0.00751793896779418},"size":106.88179016113281,"orthographic":false}