{"cameraMode":{"drawMode":0,"name":"Shaded","section":"Shading Mode"},"sceneLighting":false,"audioPlay":false,"sceneViewState":{"showFog":true,"showMaterialUpdate":false,"showSkybox":false,"showFlares":true,"showImageEffects":true,"showParticleSystems":true},"in2DMode":false,"pivot":{"x":0.013629913330078125,"y":1.4532663822174073,"z":0.2638877332210541},"rotation":{"x":-0.06934099644422531,"y":-0.8569076061248779,"z":0.12056208401918411,"w":-0.4966853857040405},"size":1.6393158435821534,"orthographic":false}