{"cameraMode":{"drawMode":0,"name":"Shaded","section":"Shading Mode"},"sceneLighting":true,"audioPlay":false,"sceneViewState":{"showFog":true,"showMaterialUpdate":false,"showSkybox":true,"showFlares":true,"showImageEffects":true,"showParticleSystems":true},"in2DMode":false,"pivot":{"x":-0.3548198938369751,"y":2.0803518295288088,"z":-12.100214004516602},"rotation":{"x":-0.006807513535022736,"y":0.9729400277137756,"z":-0.2291518598794937,"w":-0.028904251754283906},"size":15.620222091674805,"orthographic":false}