{"cameraMode":{"drawMode":0,"name":"Shaded","section":"Shading Mode"},"sceneLighting":true,"audioPlay":false,"sceneViewState":{"showFog":true,"showMaterialUpdate":false,"showSkybox":true,"showFlares":true,"showImageEffects":true,"showParticleSystems":true},"in2DMode":false,"pivot":{"x":21.72022247314453,"y":-138.79261779785157,"z":-117.2772445678711},"rotation":{"x":-0.06044261157512665,"y":-0.9000771045684815,"z":0.4107389748096466,"w":-0.13247528672218324},"size":115.77167510986328,"orthographic":false}